"ion";0,952
"ent";0,723
"ait";0,706
"tio";0,663
"ing";0,493
"ate";0,445
"con";0,428
"est";0,391
"ons";0,389
"que";0,372
"les";0,369
"tra";0,362
"ati";0,358
"des";0,353
"ant";0,351
"ien";0,336
"hub";0,335
"vai";0,334
"ess";0,324
"lle";0,32
"ext";0,318
"ame";0,318
"ava";0,31
"ses";0,31
"roo";0,308
"oom";0,308
"ues";0,308
"pro";0,3
"tai";0,291
"ssi";0,282
"ine";0,272
"ter";0,272
"ass";0,271
"ail";0,271
"res";0,27
"nam";0,262
"sio";0,261
"ans";0,249
"sta";0,239
"his";0,236
"nte";0,235
"ont";0,234
"dat";0,233
"thi";0,23
"ren";0,228
"men";0,222
"rat";0,215
"ell";0,214
"par";0,214
"ote";0,213
"our";0,213
"cla";0,213
"tur";0,212
"tou";0,208
"anc";0,208
"pti";0,208
"ask";0,207
"las";0,204
"ure";0,203
"tel";0,2
"val";0,197
"is.";0,195
"eur";0,192
"une";0,191
"aie";0,19
"bas";0,188
"age";0,187
"ran";0,187
"ort";0,183
"cha";0,181
"xtr";0,181
"che";0,178
"sna";0,176
"hot";0,175
"cri";0,175
"ket";0,173
"rop";0,172
"rin";0,171
"ske";0,171
"ssn";0,17
"boo";0,168
"ais";0,167
"str";0,165
"tre";0,165
"rai";0,164
"get";0,163
"end";0,162
"eme";0,161
"ype";0,161
"ult";0,161
"mod";0,16
"pri";0,159
"cou";0,159
"tri";0,158
"scr";0,158
"com";0,158
"tat";0,158
"ser";0,157
"omm";0,157
"typ";0,156
"esc";0,156
"gue";0,155
"rea";0,155
"lab";0,154
"kin";0,152
"ice";0,15
"es,";0,15
"pan";0,149
"ook";0,148
"ode";0,148
"oki";0,146
"iti";0,146
"rip";0,145
"tex";0,144
"ill";0,144
"gin";0,143
"sit";0,143
"eng";0,142
"ipt";0,142
"on.";0,139
"me=";0,138
"eta";0,138
"qui";0,137
"ble";0,134
"éta";0,134
"ous";0,133
"ect";0,132
"ers";0,132
"equ";0,132
"ret";0,131
"nge";0,13
"lai";0,13
"mme";0,13
"out";0,129
"por";0,129
"pos";0,129
"lat";0,128
"der";0,127
"ele";0,127
"req";0,127
"per";0,127
"tit";0,126
"ity";0,125
"and";0,125
"dan";0,125
"mai";0,125
"sse";0,125
"qu'";0,125
"e="";0,123
"lue";0,123
"nce";0,122
"dis";0,121
"ire";0,121
"ngi";0,121
"sel";0,12
"son";0,12
"alu";0,12
"eux";0,12
"urn";0,119
"lic";0,119
"es.";0,119
"nfi";0,118
"osi";0,117
"ops";0,117
"ain";0,117
"nti";0,116
"sin";0,116
"pla";0,116
".co";0,116
"mar";0,115
"met";0,115
"qua";0,115
"ubs";0,115
".pr";0,114
"int";0,114
"ils";0,112
"ère";0,112
"tro";0,112
"arc";0,112
"onf";0,111
"nt,";0,111
"lec";0,11
"bse";0,11
"rch";0,11
"nne";0,108
"sai";0,108
"pas";0,108
"don";0,107
"lit";0,106
"nst";0,106
"ssa";0,106
"pou";0,106
"rom";0,105
"fil";0,105
"aut";0,104
"ten";0,103
"ili";0,103
"err";0,103
"iss";0,103
"nde";0,102
"tie";0,102
"ila";0,102
"uch";0,101
"etu";0,101
"div";0,1
"re,";0,1
"usi";0,1
"tor";0,1
"ond";0,1
"gen";0,099
"rie";0,099
"ouc";0,098
"ncy";0,098
"ary";0,098
"ert";0,098
"sur";0,097
"abi";0,097
"tem";0,096
"ubl";0,096
"ste";0,096
"abl";0,095
"tte";0,095
"ccu";0,095
"ins";0,095
"te,";0,095
"erv";0,094
"ata";0,094
".to";0,094
"occ";0,093
"oun";0,093
"upa";0,093
"tes";0,093
"ear";0,093
"cup";0,093
".se";0,093
"ite";0,093
"sea";0,092
"unt";0,091
"sou";0,091
"'un";0,091
"s.p";0,091
"bil";0,091
"dit";0,091
"era";0,091
"mon";0,09
"cti";0,09
"nts";0,09
"mes";0,089
"var";0,089
"bli";0,089
"rou";0,089
"san";0,088
"for";0,087
"rep";0,087
"tic";0,087
".ge";0,086
"ope";0,086
"lin";0,086
"ces";0,086
"ett";0,085
"onn";0,085
"all";0,085
"ies";0,085
"iva";0,085
"uan";0,085
"mpo";0,085
"ndi";0,085
"heu";0,085
"num";0,084
"ouv";0,084
"on,";0,084
"fig";0,084
"ted";0,084
"oir";0,084
"enc";0,084
"fro";0,083
"epo";0,083
"urs";0,083
"riv";0,083
"ric";0,083
"ave";0,082
"imp";0,082
"ntr";0,082
"ier";0,082
"ne.";0,081
"ps.";0,081
"pub";0,081
"arr";0,08
"tin";0,079
"vic";0,078
"sla";0,078
"dre";0,077
"voi";0,077
"rvi";0,077
"ver";0,077
"ras";0,077
"lpr";0,077
"nsl";0,076
"ven";0,076
"d'u";0,076
"lui";0,076
"ois";0,076
"man";0,076
"ete";0,076
"ard";0,075
"nda";0,075
"cat";0,075
"te.";0,075
"it,";0,075
"lan";0,074
"ead";0,074
"ade";0,074
"ada";0,074
"(th";0,073
"sum";0,073
"pre";0,072
"nai";0,072
"air";0,072
"'ét";0,072
"lte";0,071
"rre";0,071
"nse";0,07
"eva";0,07
"act";0,07
"tan";0,07
"art";0,07
"are";0,069
"sts";0,069
"ura";0,068
"eti";0,068
"ang";0,067
"lla";0,067
".bo";0,067
"mma";0,067
"isa";0,067
"new";0,067
"cod";0,067
"ali";0,067
"eco";0,067
"ena";0,067
"enu";0,066
"id,";0,066
"ilt";0,066
"plu";0,066
"e.h";0,066
"acc";0,066
"leu";0,066
"l'a";0,066
"orm";0,066
"oda";0,066
"inf";0,065
"app";0,065
"onc";0,065
"oni";0,065
"pen";0,065
"ist";0,065
"her";0,065
"eri";0,065
"mer";0,065
"ito";0,064
"ner";0,064
"nta";0,064
"lid";0,064
"chi";0,063
"ild";0,063
"esu";0,063
"ori";0,063
"det";0,063
"uil";0,063
"ns.";0,062
"ilp";0,062
"oup";0,062
"uis";0,062
"umm";0,062
"tad";0,062
"erm";0,061
"emp";0,061
"ore";0,061
"ntc";0,061
"omp";0,061
"bel";0,06
"fai";0,06
"'il";0,06
"ro.";0,06
"ber";0,06
"sul";0,06
"omi";0,06
"le,";0,059
"the";0,059
"onr";0,059
"ute";0,059
"oin";0,059
"ise";0,059
"sen";0,059
"cul";0,059
"chb";0,059
"ieu";0,059
"eau";0,059
"set";0,059
"del";0,058
"hbe";0,058
"cep";0,058
"ona";0,058
"ara";0,058
"ton";0,058
"onl";0,058
"mid";0,058
"ere";0,058
"rem";0,058
"ict";0,057
"abe";0,057
"s.s";0,057
"ume";0,057
"ude";0,056
"pe.";0,056
"rri";0,056
"awa";0,056
"han";0,056
"wai";0,055
"cel";0,055
"nly";0,055
"...";0,055
"ub.";0,055
"min";0,055
"o.b";0,055
".hu";0,055
"ets";0,055
"enn";0,055
"mat";0,054
"sco";0,054
"ng;";0,054
"lse";0,054
"nre";0,054
"ale";0,054
"<hu";0,054
"();";0,053
"oad";0,053
"el.";0,053
"loa";0,052
"fin";0,052
"ado";0,052
"eid";0,052
"squ";0,052
"len";0,052
"er.";0,052
"vec";0,052
"ull";0,052
"dal";0,052
"s.t";0,052
"={t";0,052
"tei";0,052
"e={";0,052
"oul";0,052
"ory";0,051
"lus";0,051
"ler";0,051
"ce.";0,051
"eve";0,051
"u'i";0,051
"ors";0,051
"mmo";0,05
"fer";0,05
"jou";0,05
"spa";0,05
"bou";0,05
"gra";0,05
".ro";0,05
"cur";0,05
"ein";0,05
"cor";0,05
"rte";0,05
"eac";0,049
"{th";0,049
"din";0,049
"<di";0,049
"er,";0,049
"e()";0,049
"igu";0,049
"vat";0,049
"fal";0,049
"ept";0,049
"iv>";0,048
"isp";0,048
"rro";0,048
"uit";0,048
"is,";0,048
"nul";0,048
"deu";0,048
"</d";0,048
"/di";0,048
"e);";0,048
"use";0,048
"can";0,048
"tho";0,048
"pui";0,048
"one";0,047
"pag";0,047
"mbe";0,047
"rab";0,047
"ord";0,047
"van";0,047
"tto";0,047
"d'a";0,047
"mah";0,047
"ahe";0,047
"nt.";0,047
"'en";0,047
"lem";0,046
"ne,";0,046
"ubb";0,046
"ens";0,046
"als";0,046
"rty";0,046
"ndr";0,046
"urr";0,046
"ron";0,046
"ach";0,046
"rma";0,045
"rde";0,045
"key";0,045
"nsi";0,045
"ltu";0,045
"(se";0,045
"opt";0,045
"s.g";0,045
"ace";0,045
"nes";0,045
"rec";0,045
"nou";0,045
"but";0,044
"el_";0,044
"tas";0,044
"ica";0,044
"ile";0,044
"ime";0,044
"ids";0,044
"rra";0,044
"bon";0,044
"re.";0,044
"utt";0,044
"ièr";0,044
"lor";0,044
"fan";0,043
"cte";0,043
"nfa";0,043
"tom";0,043
"pay";0,043
"())";0,043
"ide";0,043
"esp";0,043
"nfo";0,043
"att";0,043
"lay";0,043
"tim";0,043
"els";0,042
"gro";0,042
"uss";0,042
"le.";0,042
"car";0,042
"roi";0,042
"rs,";0,042
"gur";0,042
"sag";0,042
"te(";0,042
"vou";0,042
"tcl";0,042
"et.";0,042
"et,";0,042
"oms";0,042
"'es";0,042
"lis";0,042
"exp";0,041
"etr";0,041
"eil";0,041
".re";0,041
"dep";0,041
"ind";0,041
".is";0,041
"ign";0,041
"ffe";0,041
"nec";0,041
"def";0,04
"bre";0,04
"rti";0,04
"aux";0,04
"har";0,04
"ts.";0,04
"nid";0,04
"sto";0,04
"spl";0,04
"on(";0,04
"utr";0,04
"pon";0,04
"ram";0,04
"nco";0,039
"eld";0,039
"ête";0,039
"ctu";0,039
".de";0,039
"enf";0,039
"gar";0,039
"nit";0,039
"sti";0,039
"hem";0,039
"ari";0,039
"le<";0,039
"mou";0,039
"quo";0,039
"gre";0,039
"ule";0,039
"éti";0,039
"ger";0,038
"red";0,038
"aym";0,038
"dev";0,038
"ris";0,038
"ima";0,038
"tax";0,038
"be:";0,038
"me,";0,038
""to";0,038
"dai";0,038
"hil";0,037
"uva";0,037
"ust";0,037
"cal";0,037
"mis";0,037
"ns,";0,037
"ase";0,037
"["t";0,037
"uet";0,037
"pic";0,037
"xt.";0,037
"fau";0,037
"umb";0,037
"hro";0,037
"aqu";0,037
"d["";0,037
""],";0,037
"ong";0,037
"exc";0,037
"sor";0,037
"tot";0,036
"nin";0,036
"cet";0,036
"tle";0,036
"erc";0,036
"y()";0,036
"sem";0,036
"s'é";0,036
"ncl";0,036
"se)";0,036
"emo";0,036
"tar";0,035
"lon";0,035
"hom";0,035
"itl";0,035
"cce";0,035
".mo";0,035
"omo";0,035
"tal";0,035
"isi";0,035
"oss";0,035
"(hu";0,035
"yme";0,035
"aul";0,034
"uth";0,034
"poi";0,034
"om.";0,034
"rio";0,034
"pli";0,034
"se,";0,034
"tch";0,034
"st.";0,034
"ges";0,034
"in,";0,034
"peu";0,034
"lie";0,033
"cas";0,033
"uff";0,033
"rge";0,033
"'av";0,033
"cen";0,033
"nag";0,033
"sal";0,033
"uve";0,033
"gal";0,033
"ole";0,033
"neu";0,033
"chr";0,033
"igh";0,032
"pai";0,032
"vie";0,032
"ese";0,032
"nsu";0,032
"emb";0,032
"rès";0,032
"fir";0,032
"arg";0,032
".gu";0,032
"bui";0,032
"add";0,031
"ts,";0,031
"rav";0,031
"s.c";0,031
"ntm";0,031
"ini";0,031
"emi";0,031
"nie";0,031
"dex";0,031
"on;";0,031
"bba";0,031
"nal";0,031
"onm";0,031
"rms";0,031
"oui";0,031
"id)";0,03
"pet";0,03
"));";0,03
".va";0,03
"lts";0,03
".di";0,03
"'ai";0,03
"ria";0,03
"ngs";0,03
"b.m";0,03
"epr";0,03
"inc";0,03
"tta";0,03
"de,";0,03
"ick";0,03
".ex";0,03
"uot";0,03
"l'e";0,03
"ge,";0,029
"moc";0,029
"bra";0,029
"mil";0,029
"iqu";0,029
"'on";0,029
"stp";0,029
"bie";0,029
"ue,";0,029
"ann";0,029
"ome";0,029
"e.s";0,029
"yst";0,029
"hor";0,029
"tst";0,029
"ême";0,029
"ées";0,029
"c'é";0,029
"ur,";0,029
"ana";0,029
"rit";0,029
"nch";0,029
"ota";0,029
"cho";0,029
"lev";0,029
"cus";0,029
"t(f";0,028
"aid";0,028
"tco";0,028
"nna";0,028
".st";0,028
"ray";0,028
"hai";0,028
"uvr";0,028
"onp";0,028
"et;";0,028
"off";0,028
"em.";0,028
"it(";0,028
"(fa";0,028
"dul";0,028
"ght";0,028
"tpr";0,028
"ina";0,028
"mêm";0,028
"n'a";0,028
"moi";0,028
"hau";0,028
"non";0,028
"dem";0,028
"ema";0,028
"ded";0,027
"lde";0,027
"ath";0,027
"aus";0,027
"l__";0,027
"upd";0,027
"pda";0,027
"u'e";0,027
"eli";0,027
"eaw";0,027
"s.b";0,027
"ngr";0,027
"ama";0,027
"de.";0,027
"ry.";0,027
"adu";0,027
"cli";0,027
"xpo";0,027
"es(";0,027
"nat";0,027
"mpt";0,027
"let";0,027
".ra";0,027
"fon";0,027
"och";0,027
"er(";0,027
"sec";0,027
"efa";0,027
"try";0,027
"inv";0,027
"ux,";0,027
"ldr";0,026
"ern";0,026
"on)";0,026
"eul";0,026
"../";0,026
"sys";0,026
"="s";0,026
"ra.";0,026
"seu";0,026
"ula";0,026
"dou";0,026
"hon";0,026
"e<h";0,026
"etc";0,026
").c";0,026
"hec";0,026
".in";0,026
"bla";0,026
"omb";0,026
"eus";0,026
"rép";0,026
"reg";0,026
""..";0,026
"vis";0,026
"n.c";0,026
"ean";0,026
"'au";0,026
"}</";0,026
".ho";0,026
"axe";0,026
"s'e";0,026
"efi";0,025
"eck";0,025
"reu";0,025
"nan";0,025
"cro";0,025
"ube";0,025
"'el";0,025
"ery";0,025
"xes";0,025
"sui";0,025
"emm";0,025
"()}";0,025
"ira";0,025
"ast";0,025
"êtr";0,025
"alp";0,025
"fic";0,025
"cre";0,025
"upe";0,025
".ch";0,025
"fac";0,025
".bu";0,025
"rce";0,025
"ros";0,025
"hen";0,025
"adi";0,025
"ty.";0,025
"toa";0,025
"ede";0,025
".fi";0,024
"eth";0,024
"dic";0,024
"ref";0,024
"mpl";0,024
"lli";0,024
"mal";0,024
"inq";0,024
"ui,";0,024
"nor";0,024
"nva";0,024
"s'a";0,024
"dro";0,024
"oco";0,024
"ité";0,024
"it.";0,024
"ega";0,024
"ene";0,024
"avo";0,024
"nar";0,024
"pe,";0,024
"tpo";0,024
"rta";0,024
"mag";0,024
"ngt";0,023
"e">";0,023
".su";0,023
"yid";0,023
"rs.";0,023
".ad";0,023
"nmo";0,023
"alo";0,023
"as,";0,023
"e.c";0,023
"ban";0,023
"iel";0,023
"mpa";0,023
"irs";0,023
"xce";0,023
"ngd";0,023
"s.i";0,023
"ce,";0,023
"epa";0,023
"oit";0,023
"l'o";0,023
"cco";0,023
"er"";0,023
"ize";0,023
"rmi";0,023
"itr";0,023
"lco";0,023
"dir";0,023
"on-";0,022
"clu";0,022
"mbr";0,022
"rei";0,022
"pes";0,022
"ie,";0,022
"">{";0,022
"e.d";0,022
"mpe";0,022
"t.g";0,022
"edt";0,022
"rad";0,022
"t__";0,022
"ay(";0,022
"rsq";0,022
"nqu";0,022
"ubr";0,022
"ico";0,022
"rdi";0,022
"isc";0,022
"rda";0,022
"gda";0,022
"thr";0,022
"ror";0,022
"odi";0,022
"ink";0,022
"tir";0,022
"gea";0,022
"eut";0,022
"on"";0,022
"ups";0,022
"dif";0,022
"oar";0,022
"inu";0,022
"d'e";0,022
"pie";0,022
"fem";0,022
"cle";0,022
"oma";0,022
"tag";0,022
"jus";0,022
"agn";0,022
"t.c";0,021
"on:";0,021
"ool";0,021
"tet";0,021
"soi";0,021
"ssé";0,021
"eni";0,021
"cop";0,021
"wit";0,021
"s.r";0,021
"ple";0,021
"ta.";0,021
"cie";0,021
"uel";0,021
"uer";0,021
"tru";0,021
"nel";0,021
"s.a";0,021
"col";0,021
"den";0,021
"sir";0,021
"spo";0,021
"nex";0,021
"rel";0,021
"__l";0,021
"hou";0,021
"rev";0,021
"toi";0,021
"jeu";0,021
"iso";0,021
"dra";0,021
""./";0,021
"ive";0,021
"led";0,021
"te-";0,021
"elc";0,021
"-il";0,021
"c'e";0,021
"t-c";0,021
"ry-";0,021
"uct";0,021
"iza";0,021
"loc";0,021
"mor";0,021
"ela";0,021
"ibl";0,02
"t()";0,02
"tid";0,02
"t.r";0,02
"rac";0,02
"eca";0,02
"se.";0,02
"tse";0,02
"r__";0,02
"rig";0,02
"ost";0,02
"elp";0,02
"cyi";0,02
"lam";0,02
"ée,";0,02
"née";0,02
"edi";0,02
"zat";0,02
"ppl";0,02
"st-";0,02
"its";0,02
"ane";0,02
"ala";0,02
"st(";0,02
"lud";0,02
"mur";0,02
"u'o";0,02
"l'é";0,02
"ujo";0,02
"ct(";0,02
"er_";0,02
"tty";0,02
"pty";0,02
"te)";0,02
"gna";0,02
"-ce";0,02
"pèr";0,02
"re)";0,02
"t";";0,019
"e__";0,019
".qu";0,019
"s(t";0,019
"ta)";0,019
"ouf";0,019
"têt";0,019
"usq";0,019
"ose";0,019
"le_";0,019
"bar";0,019
"etp";0,019
"ns(";0,019
"oya";0,019
"l'i";0,019
"prè";0,019
"vre";0,019
"mbl";0,019
"nem";0,019
"-mo";0,019
"gst";0,019
"riz";0,019
"eda";0,019
"be.";0,019
"t(t";0,019
"sde";0,019
"url";0,019
"veu";0,019
"ta,";0,019
"t-i";0,019
"eun";0,019
"fra";0,019
"tqu";0,019
"on_";0,019
"nen";0,019
"(ro";0,019
"ove";0,019
"rco";0,019
"lar";0,019
"rap";0,019
"="r";0,018
"ng(";0,018
"uri";0,018
"rme";0,018
"voy";0,018
"bro";0,018
"ct"";0,018
"nds";0,018
"ng.";0,018
".ba";0,018
"oca";0,018
"oid";0,018
"llo";0,018
"hes";0,018
"yty";0,018
"elo";0,018
"rni";0,018
"dar";0,018
"chh";0,018
"hho";0,018
"atu";0,018
"ida";0,018
"hea";0,018
"ir,";0,018
"pré";0,018
"rst";0,018
"pac";0,018
"tay";0,018
"es)";0,018
"bru";0,018
"'in";0,018
"oll";0,018
"tde";0,018
"hev";0,018
"\uf";0,018
".tr";0,017
"nme";0,017
"ifi";0,017
"e.p";0,017
"any";0,017
"épa";0,017
"yai";0,017
"it-";0,017
"oli";0,017
"amb";0,017
"fet";0,017
"rna";0,017
"erd";0,017
"omr";0,017
"fie";0,017
"ndu";0,017
"n'e";0,017
"éra";0,017
"hre";0,017
"lpe";0,017
"e.g";0,017
"e.i";0,017
"omd";0,017
"duc";0,017
"ry:";0,017
"itu";0,017
"fla";0,017
"ouj";0,017
"-de";0,017
"lac";0,017
"="b";0,017
"doc";0,017
"lda";0,017
"me.";0,017
"gne";0,017
"oro";0,017
"yeu";0,017
"tab";0,017
"igr";0,017
"ubh";0,017
"bho";0,017
"pho";0,017
"e:s";0,017
"joi";0,017
"tlo";0,017
"sho";0,017
""su";0,017
"'ar";0,017
""re";0,016
"me(";0,016
".ma";0,016
"map";0,016
"tos";0,016
"etl";0,016
"s={";0,016
"rto";0,016
"(re";0,016
"ami";0,016
"vri";0,016
"rt,";0,016
"déj";0,016
"eud";0,016
"re(";0,016
"bed";0,016
"rot";0,016
"eto";0,016
"s()";0,016
"nt:";0,016
"noi";0,016
"lou";0,016
"bea";0,016
"put";0,016
"uai";0,016
"hez";0,016
"éco";0,016
"cap";0,016
"s.l";0,016
"tfo";0,016
"gco";0,016
").t";0,016
"sie";0,016
"bes";0,016
"épo";0,016
"riè";0,016
"hav";0,016
"déc";0,016
"</s";0,016
"ety";0,016
"-pr";0,016
"tma";0,016
"ald";0,016
"cra";0,016
"rés";0,016
"us,";0,016
"eai";0,016
"vei";0,016
"nni";0,016
"");";0,016
"s);";0,016
"e.r";0,016
"amp";0,016
"arb";0,016
"urd";0,016
"rée";0,016
"roc";0,016
"die";0,016
"atr";0,016
"ngc";0,016
"ps)";0,016
"ack";0,016
"s(h";0,016
"ue.";0,016
"edr";0,016
"ono";0,016
"gno";0,016
"pse";0,016
"ms.";0,016
"rer";0,016
"ls.";0,016
"b.r";0,016
"apr";0,016
"dam";0,016
"irm";0,016
"hin";0,015
"npr";0,015
"sk<";0,015
"xt(";0,015
"nci";0,015
"max";0,015
"boi";0,015
"écl";0,015
"mie";0,015
"has";0,015
"ich";0,015
"al.";0,015
"l.d";0,015
"y={";0,015
"an>";0,015
"tme";0,015
"hod";0,015
"uti";0,015
"lea";0,015
"edo";0,015
"ial";0,015
"s.d";0,015
"rne";0,015
"aur";0,015
"jam";0,015
"eu,";0,015
"ds.";0,015
":su";0,015
"/in";0,015
"net";0,015
"n.b";0,015
"e.t";0,015
"lre";0,015
"rbo";0,015
"raa";0,015
"rtu";0,015
"tso";0,015
"idé";0,015
"rêt";0,015
"au,";0,015
"uat";0,015
"mba";0,015
"sib";0,015
"rid";0,015
"al,";0,015
"id.";0,015
"(),";0,015
".cu";0,015
"rod";0,015
"not";0,015
"htm";0,015
"tml";0,015
"rég";0,015
"fou";0,015
"aav";0,015
"y.g";0,015
"={c";0,015
"<sp";0,015
"/sp";0,015
"n.t";0,015
"ato";0,015
"hel";0,015
"ty(";0,015
"ll)";0,015
"epu";0,015
"hpa";0,015
"aig";0,015
"ita";0,015
"eso";0,015
"fos";0,015
"dés";0,015
"bat";0,015
"gni";0,015
"itt";0,015
"ny(";0,015
"toh";0,015
"x";";0,014
"></";0,014
"rol";0,014
"oau";0,014
"rso";0,014
"erf";0,014
"rfa";0,014
"ith";0,014
")),";0,014
"odu";0,014
"ian";0,014
"'em";0,014
"foi";0,014
"row";0,014
""pa";0,014
"ex"";0,014
"epl";0,014
"sup";0,014
"me_";0,014
"cke";0,014
"__i";0,014
"mde";0,014
"er:";0,014
"gré";0,014
"âch";0,014
"ck=";0,014
"k={";0,014
"al_";0,014
"siz";0,014
"iri";0,014
"top";0,014
"oke";0,014
"smo";0,014
"e))";0,014
"ppe";0,014
"ntp";0,014
"mov";0,014
"cin";0,014
"oub";0,014
"ir.";0,014
"éjà";0,014
"dty";0,014
"s/i";0,014
"gth";0,014
".id";0,014
"ry<";0,014
"er)";0,014
"gem";0,014
"ngu";0,014
"ott";0,014
"urt";0,014
"sce";0,014
"inp";0,014
"_pr";0,014
"ism";0,014
"cer";0,014
"rir";0,014
"s'i";0,014
"vaq";0,014
"éci";0,014
"/mo";0,014
"ls/";0,014
"g()";0,014
"ecu";0,014
"vid";0,014
"er;";0,014
"ero";0,014
"ue)";0,014
"s.o";0,014
"omf";0,014
"rar";0,014
"ay.";0,014
"sol";0,014
"erl";0,014
"auc";0,014
"vin";0,014
"anl";0,014
"zac";0,014
"ohu";0,014
"ptq";0,014
".le";0,013
"fa-";0,013
"tep";0,013
"elr";0,013
"nga";0,013
"lei";0,013
"eho";0,013
"oix";0,013
"idi";0,013
"rue";0,013
"uqu";0,013
"là,";0,013
"mav";0,013
"./m";0,013
"na.";0,013
"id:";0,013
""ba";0,013
"me}";0,013
"__p";0,013
"s.f";0,013
"mfi";0,013
"dée";0,013
"es;";0,013
"éch";0,013
"fut";0,013
"ut,";0,013
"alg";0,013
"\\u";0,013
"0-\";0,013
""ra";0,013
"ugi";0,013
"/se";0,013
"xte";0,013
"amo";0,013
"sée";0,013
"pau";0,013
"ffr";0,013
".an";0,013
"lt.";0,013
"ddr";0,013
"ct.";0,013
""se";0,013
"(st";0,013
"rib";0,013
"fle";0,013
"déb";0,013
"uta";0,013
"rag";0,013
"nve";0,013
"vol";0,013
"_th";0,013
".oc";0,013
"id}";0,013
".he";0,013
"api";0,013
"nt)";0,013
"pe)";0,013
"dur";0,013
".pu";0,013
"te:";0,013
"_li";0,013
"as.";0,013
"{tr";0,013
"es:";0,013
"nav";0,013
"mre";0,013
"s(s";0,013
"nue";0,013
"bri";0,013
"'éc";0,013
"in.";0,013
"st_";0,013
"e";";0,012
"n()";0,012
"nt(";0,012
"npa";0,012
"rse";0,012
"dco";0,012
"oug";0,012
"en,";0,012
"ge.";0,012
"us.";0,012
"ché";0,012
"nir";0,012
"bit";0,012
"orc";0,012
"bai";0,012
"tmo";0,012
"ihu";0,012
"t.s";0,012
".na";0,012
"uir";0,012
"sh(";0,012
"uni";0,012
"gle";0,012
"log";0,012
"ry;";0,012
"oil";0,012
"trè";0,012
"loi";0,012
"ubv";0,012
"bva";0,012
"e:c";0,012
"oto";0,012
"et(";0,012
"ng>";0,012
"liz";0,012
"cy.";0,012
"ng,";0,012
"l'h";0,012
"spe";0,012
"ési";0,012
"d'h";0,012
"ngl";0,012
"bin";0,012
"whe";0,012
"__t";0,012
"pco";0,012
"rs(";0,012
".em";0,012
"t.p";0,012
"chp";0,012
"tée";0,012
"u'u";0,012
"nté";0,012
"haq";0,012
"teu";0,012
"ttr";0,012
"usa";0,012
":co";0,012
"lug";0,012
"ce(";0,012
"on>";0,012
"om,";0,012
"_de";0,012
"tdi";0,012
"onv";0,012
"y.c";0,012
"ham";0,012
"mps";0,012
"rli";0,012
"eff";0,012
"ben";0,012
"és,";0,012
"égo";0,012
"std";0,012
"lpl";0,012
"ll;";0,012
"nt<";0,012
"d={";0,012
"upi";0,012
"ts(";0,012
"});";0,012
"et_";0,012
"yco";0,012
"t<h";0,012
"sab";0,012
"nui";0,012
"nom";0,012
"vra";0,012
"e..";0,012
"jea";0,012
"nli";0,012
"tca";0,012
"in(";0,011
"n("";0,011
"s.m";0,011
"ap(";0,011
"yna";0,011
"sub";0,011
"pid";0,011
"ken";0,011
"om:";0,011
"(ex";0,011
"dqu";0,011
"lt(";0,011
"dho";0,011
"hei";0,011
"pat";0,011
"nsa";0,011
"bal";0,011
"tud";0,011
"nça";0,011
"éte";0,011
"pin";0,011
"dor";0,011
"id(";0,011
"./s";0,011
"stf";0,011
"ps,";0,011
"-pa";0,011
"tok";0,011
"={r";0,011
"e),";0,011
"elf";0,011
"ts)";0,011
"ndo";0,011
"day";0,011
"msc";0,011
"jet";0,011
"ngé";0,011
"'ap";0,011
"--c";0,011
"rui";0,011
"ubi";0,011
"tcu";0,011
"bex";0,011
"-ba";0,011
"ayn";0,011
"nma";0,011
"nt-";0,011
"ry"";0,011
"ppc";0,011
"<st";0,011
"ty)";0,011
"lfi";0,011
".pa";0,011
"ilo";0,011
".li";0,011
"ffl";0,011
"tac";0,011
"d'o";0,011
"he,";0,011
"ueu";0,011
"cia";0,011
"som";0,011
"sig";0,011
"ds,";0,011
"ryp";0,011
"ey=";0,011
"e}<";0,011
"d);";0,011
"iro";0,011
"dse";0,011
"n.r";0,011
"env";0,011
"uem";0,011
"aff";0,011
"pol";0,011
"pe>";0,011
"npu";0,011
"stn";0,011
")}>";0,011
"</i";0,011
"/i>";0,011
".lo";0,011
"st,";0,011
"_co";0,011
"ra,";0,011
"mad";0,011
"éto";0,011
"ou,";0,011
"dix";0,011
"abo";0,011
"lig";0,011
"ssu";0,011
"vit";0,011
"il,";0,011
"sav";0,011
"çon";0,011
"-co";0,011
"sby";0,011
