"es";1,925
"on";1,868
"re";1,547
"en";1,471
"te";1,429
"ai";1,367
"de";1,353
"le";1,321
"nt";1,297
"in";1,237
"it";1,225
"er";1,144
"se";1,059
"la";1,052
"an";1,031
"ti";1,028
"et";0,981
"at";0,911
"ou";0,883
"ra";0,874
"st";0,859
"il";0,852
"io";0,844
"me";0,84
"ro";0,838
"is";0,818
"co";0,804
"ta";0,797
"ne";0,773
"ur";0,762
"ar";0,748
"tr";0,74
"ri";0,732
"qu";0,679
"ns";0,673
"ss";0,67
"va";0,66
"el";0,654
"as";0,648
"ng";0,633
"ue";0,61
"si";0,61
"ie";0,599
"om";0,598
"pa";0,562
"ch";0,554
"or";0,53
"al";0,527
"s.";0,521
"ce";0,516
"to";0,499
"pr";0,496
"e,";0,489
"ma";0,48
"ge";0,477
"da";0,457
"na";0,455
"un";0,453
"li";0,452
"eu";0,452
"ll";0,44
"e.";0,427
"pe";0,422
"oo";0,421
"di";0,418
"ic";0,413
"po";0,394
"us";0,393
"ub";0,382
"em";0,375
"nd";0,373
"ex";0,369
"av";0,367
"am";0,365
"id";0,356
"th";0,354
"ui";0,35
"sa";0,348
"nc";0,347
"mo";0,347
"s,";0,344
"au";0,337
"he";0,335
"ea";0,329
"ut";0,314
"rt";0,313
"hu";0,308
"ir";0,295
"ec";0,29
"fi";0,287
"ho";0,286
"oi";0,285
"ul";0,282
"ty";0,281
"xt";0,273
"hi";0,271
"bo";0,27
"so";0,269
"lu";0,268
"ve";0,268
"ot";0,267
"su";0,263
"ca";0,262
"rs";0,261
"ts";0,261
"cl";0,252
"ad";0,251
"ct";0,25
"ba";0,249
"t,";0,248
"tu";0,247
"op";0,245
"be";0,242
"od";0,239
"ab";0,236
"fa";0,235
"ac";0,233
"pt";0,225
"bl";0,225
"cr";0,225
"cu";0,22
"mm";0,218
"sc";0,216
"pl";0,214
"ha";0,212
"ke";0,212
");";0,21
"ag";0,209
"lt";0,206
"ed";0,201
"rr";0,201
"lo";0,2
"mi";0,197
"ep";0,195
"tt";0,193
"up";0,193
"t.";0,191
"iv";0,19
"gu";0,19
"os";0,19
"mp";0,189
"()";0,189
"nf";0,185
"ni";0,181
"ét";0,181
"sk";0,18
"ls";0,178
"vi";0,178
"ig";0,176
"ry";0,173
"=>";0,171
"nu";0,165
"fo";0,16
"im";0,16
"um";0,159
"yp";0,158
"d'";0,158
"'a";0,158
"do";0,157
"sn";0,157
".c";0,156
"oc";0,156
"rc";0,152
"du";0,151
"l'";0,151
"e=";0,15
"nn";0,149
"vo";0,147
"ux";0,144
"cc";0,143
"ip";0,141
".p";0,141
"no";0,141
"pu";0,14
"ok";0,139
"gi";0,139
"ps";0,139
"n.";0,138
"rm";0,138
".s";0,137
"gr";0,137
"ei";0,136
"ki";0,135
"rn";0,134
"rd";0,134
"bi";0,133
"ay";0,129
"'e";0,128
"uc";0,127
".t";0,125
"={";0,124
"sp";0,123
"ev";0,123
"ap";0,121
"..";0,116
"n,";0,116
"__";0,116
"ua";0,116
"="";0,115
".g";0,114
"e)";0,113
"eq";0,113
"ré";0,113
"ld";0,112
"t(";0,111
"tc";0,11
"dr";0,109
"bs";0,109
"br";0,108
"u'";0,107
"e(";0,105
"fe";0,104
"ée";0,104
"ol";0,102
"fr";0,102
".r";0,101
"mb";0,101
"e:";0,1
"dé";0,099
"pi";0,098
".b";0,097
"èr";0,096
"bu";0,094
"s'";0,093
"lp";0,093
"ga";0,092
"cy";0,092
"--";0,089
"'é";0,089
"))";0,089
".h";0,089
"ci";0,088
"uv";0,088
"ef";0,088
"</";0,087
"if";0,086
"r,";0,086
"rv";0,084
"ds";0,082
"ff";0,081
".i";0,081
"oa";0,081
"'u";0,08
"s(";0,079
"d,";0,079
"'i";0,076
"r.";0,076
"";";0,076
"sl";0,074
"(t";0,073
"ms";0,073
"té";0,073
"je";0,07
"tp";0,069
"y.";0,069
".d";0,069
"êt";0,068
"l.";0,067
"ud";0,067
"m.";0,067
"éc";0,066
"pp";0,065
"{t";0,065
"nl";0,065
"és";0,065
"s)";0,064
"t-";0,063
"ew";0,063
"a.";0,063
"gn";0,062
"ck";0,062
"jo";0,061
"">";0,06
"nr";0,06
"y(";0,06
"ly";0,059
".a";0,059
"n'";0,059
"ru";0,056
"(s";0,056
"e_";0,056
"o.";0,055
"ia";0,055
").";0,055
".m";0,055
"<h";0,055
"wa";0,055
"'o";0,054
"i,";0,052
"tm";0,052
"e"";0,051
"l_";0,051
"hb";0,05
"ah";0,05
"hr";0,05
"-c";0,049
"aw";0,049
"s:";0,049
"g;";0,049
"n(";0,048
"tl";0,048
"b.";0,047
"<d";0,047
"ép";0,047
"iè";0,047
"),";0,047
"ax";0,046
"nm";0,045
"sq";0,045
"uf";0,045
"a,";0,044
"e-";0,044
"ht";0,044
"ça";0,044
"e}";0,044
"s;";0,044
"/d";0,043
"e;";0,043
"c'";0,043
"ey";0,042
"nv";0,042
"==";0,042
"l,";0,042
".e";0,042
"lé";0,042
"v>";0,042
"of";0,042
"u,";0,042
"vr";0,042
"&&";0,042
"rg";0,042
"t:";0,041
"(r";0,041
"ez";0,04
"".";0,04
"./";0,04
"t;";0,04
"(h";0,04
"bb";0,04
"fu";0,04
"ix";0,039
"["";0,039
"ib";0,039
"iz";0,039
""t";0,039
"né";0,039
"sé";0,038
"mu";0,038
"np";0,037
"rl";0,037
"-p";0,037
"n;";0,037
"rè";0,037
"xp";0,036
"t"";0,036
".o";0,036
"ès";0,036
"};";0,036
".l";0,035
"e<";0,035
"xc";0,035
"ym";0,035
".f";0,035
"(e";0,035
"d)";0,034
""r";0,034
"g.";0,034
"ég";0,034
"gs";0,034
"ys";0,034
"fl";0,034
""]";0,034
"],";0,033
"uo";0,033
"za";0,033
"d[";0,033
"ér";0,032
"gh";0,032
"",";0,032
"td";0,032
"aq";0,031
"là";0,031
"dd";0,031
")}";0,031
"xe";0,031
"sy";0,031
"ow";0,031
""s";0,031
"ze";0,031
"go";0,031
"-m";0,03
"-t";0,03
"t)";0,03
"nq";0,03
"-i";0,03
"sh";0,03
"ug";0,03
"_t";0,03
"gl";0,03
"oy";0,029
"eg";0,029
"ya";0,029
"ob";0,029
"t_";0,029
"d.";0,029
"a-";0,029
"yi";0,028
"én";0,028
"wi";0,028
"n)";0,028
"mé";0,028
"sm";0,028
"ye";0,028
"é,";0,028
"dt";0,027
"x,";0,027
"r(";0,027
".v";0,027
"y,";0,027
"/s";0,027
"(f";0,027
"n-";0,026
"r_";0,026
"_s";0,026
"y:";0,026
"s"";0,026
"("";0,026
"<s";0,025
"/>";0,025
"iq";0,025
"lc";0,025
"pé";0,025
"mê";0,025
"êm";0,025
"ja";0,025
"(c";0,025
"eb";0,025
"d(";0,025
"y-";0,025
"rb";0,024
"//";0,024
"ph";0,024
"/i";0,024
"y"";0,024
"ju";0,024
"s}";0,024
"-d";0,024
"}>";0,024
"n>";0,023
"pd";0,023
"s/";0,023
"n"";0,023
"y)";0,023
"tf";0,023
"ov";0,023
"eo";0,023
"\u";0,023
"_p";0,022
"d:";0,022
"r"";0,022
"af";0,022
"}<";0,022
"(p";0,022
"gé";0,022
"'h";0,022
"-b";0,022
"n:";0,022
"og";0,022
"où";0,022
"gt";0,021
"\\";0,021
"ee";0,021
">{";0,021
"(a";0,021
"s-";0,021
"{r";0,021
"({";0,021
"_l";0,021
"_c";0,021
"nk";0,021
"éb";0,02
"<i";0,02
"${";0,02
"")";0,02
"mè";0,02
"-l";0,02
"t<";0,02
"m(";0,02
"gd";0,02
"a)";0,02
""b";0,019
"yn";0,019
">(";0,019
"t>";0,019
"ât";0,019
"yt";0,019
"lr";0,019
"-e";0,019
"dc";0,019
"sd";0,018
".n";0,018
"(i";0,018
"_i";0,018
"pè";0,018
"uj";0,018
"_b";0,018
"})";0,018
"rê";0,018
"yd";0,017
"!=";0,017
"g,";0,017
"ié";0,017
"n_";0,017
"y;";0,017
"ny";0,017
"s!";0,017
"((";0,017
"g(";0,017
"sr";0,017
"r:";0,017
"oh";0,017
"e!";0,017
".q";0,017
"tê";0,017
":s";0,017
"[]";0,016
"vé";0,016
"s=";0,016
"l;";0,016
"l"";0,016
"hé";0,016
"tq";0,016
"by";0,016
"{c";0,016
"e>";0,016
"mr";0,016
"rp";0,016
"-r";0,016
"rf";0,016
"nb";0,016
"p(";0,016
"l)";0,016
"eh";0,016
"hh";0,016
"e?";0,016
"év";0,015
"y<";0,015
"x"";0,015
"x.";0,015
"oe";0,015
"hp";0,015
"u.";0,015
"d}";0,015
"md";0,015
"gc";0,014
"?.";0,014
"bh";0,014
"cs";0,014
"r;";0,014
"m:";0,014
"y}";0,014
"tb";0,014
"aî";0,014
"à,";0,014
"sb";0,014
"g)";0,014
".u";0,014
"00";0,014
"d"";0,014
"ml";0,014
"ôt";0,014
"éj";0,014
""p";0,014
"y=";0,014
"(g";0,014
"ih";0,014
"(o";0,014
"-\";0,014
"<a";0,014
"-a";0,014
"gg";0,014
"},";0,013
"m,";0,013
"aa";0,013
"âc";0,013
"><";0,013
"||";0,013
"h(";0,013
"k<";0,013
"él";0,013
"(v";0,013
"s_";0,013
".w";0,013
"lg";0,013
"i.";0,013
"(d";0,013
"t}";0,013
"tn";0,013
"lb";0,013
">>";0,013
"_d";0,013
"r)";0,013
"bé";0,013
":c";0,013
"<t";0,012
""c";0,012
"we";0,012
"k=";0,012
"sv";0,012
"-v";0,012
"fé";0,012
"jà";0,012
"/m";0,012
"d=";0,012
"g>";0,012
"_r";0,012
"mf";0,012
"].";0,012
"é.";0,012
"/a";0,012
">)";0,012
"m-";0,012
"lf";0,012
"s?";0,012
"cé";0,012
"h!";0,012
"0-";0,012
"wh";0,012
"a>";0,011
"ît";0,011
"éd";0,011
"j'";0,011
"uq";0,011
"yc";0,011
"dh";0,011
"-n";0,011
"i>";0,011
"rç";0,011
"ût";0,011
"h.";0,011
"pc";0,011
"(!";0,011
"ué";0,011
